line	page	week	num_likes	domain	outlet	title	description	contenttype	image	url	text	id	right_of_center
1283	DieLinke	19	0	change.org	Change.org	#Bahnstreik-Petition für Solidarität mit der #GDL und für Wahrung des Streikrechts	Der Druck aus Politik, Medien und Teilen der Bevölkerung auf die Gewerkschaft GdL ist unerträglich geworden. Die GdL nimmt mit ihrem soeben ausgerufenen Streik ein fundamentales Grundrecht wahr. Zu Recht verweist sie darauf, daß der Vorstand der Deutschen Bahn im Verein mit der Bundesregierung und der...		http://d22r54gnmuhwmk.cloudfront.net/photos/4/bd/qy/DLBDQYSSaUgRxKr-1600x900-noPad.jpg?1430753122	https://www.change.org/p/bahnstreik-petition-für-solidarität-mit-der-gdl-und-für-wahrung-des-streikrechts	Liebe Change.org-Nutzerinnen und -Nutzer, wir setzen auf Change.org Cookies ein, um Ihnen möglichst viele interessante Inhalte anzuzeigen. Weitere Informationen. OK, das habe ich verstanden Zum Hauptinhalt wechseln 	1283	False
1286	DieLinke	19	1	regenwald.org		Bitte unterschreiben: Wald schützen, Biosprit stoppen	Indonesiens Präsident Joko Widodo subventioniert Biodiesel massiv und verlangt, dass 20 Prozent des Diesels aus Palmöl sind. Diese Quote ist weltweit die höchste. Diese Politik fördert Konzerne - auf Kosten der Orang-Utans und der Menschen. Unterschreiben Sie unsere Petition gegen diese Subventionen.	article	https://www.regenwald.org/uploads/photos/base/orang-outan-avaaz.jpg	https://www.regenwald.org/aktion/986/entscheidung-am-montag-soll-der-wald-fuer-biodiesel-sterben	Regenwaldaktion in Berlin            ( © Rettet den Regenwald ) 18.04.2016 Dem Präsidenten auf den Fersen: Regenwald-Aktion in Berlin Anlässlich des Deutschland-Besuchs des indonesischen Präsidenten Joko Widodo demonstrierten heute 30 Aktivisten von Rettet den Regenwald in Berlin. Unsere Forderung: Wald schützen, Biosprit stoppen! Wir sind dem indonesichen Präsidenten mit Bannern, Plakaten und Sprechchören quer durch Berlin gefolgt: Los ging es morgens mit einer Demo vor dem Hotel Adlon, in dem Joko Widodo sich mit Wirtschaftsvertretern traf. Danach empfing Bundeskanzlerin Merkel ihn im Bundeskanzleramt. Wir warteten schon hinter der Absperrung. Den Abschluss unserer Berlinreise bildete dann eine gemeinsame Demo von Rettet den Regenwald, Watch Indonesia und Amnesty International vor der indonesischen Botschaft. Erste Erfolge der Aktion gibt es schon: Die wichtigsten Tageszeitungen in Indonesien haben über ihre Deutschlandkorrespondenten von unserer Petition erfahren und entsprechende Pressemitteilungen bekommen. Unsere zwei Petitionen mit insgesamt über 346.000 Unterschriften haben wir dem Militärattaché aus der Deligation des Präsidenten übergeben. Wir bleiben weiter dran, damit die indonesische Regierung endlich gegen die Vernichtung von Regenwald vorgeht. Dass selbst die Berliner Polizei in der Nähe des Brandenburger Tors durch unsere Aktion aufgeschreckt wurde, zeigt, dass unsere friedlichen Proteste in Deutschland und der Kampf unserer Partnerorganisationen in Indonesien nicht unbemerkt bleiben. Deutsche und indonesische Politiker können nicht vorgeben, nichts von der Regenwaldvernichtung zu wissen. Und wir sammeln weiter Unterschriften. 	1286	False
1297	DieLinke	19	596	youtube.com	YouTube	Gregor Gysi, DIE LINKE: Spionageskandal kann einer der größten in der Geschichte der BRD werden	05.05.2015, Pressestatement vor der Fraktionssitzung zum BND-Spionageskandal und zu den aktuellen Streiks	video	https://i.ytimg.com/vi/TUFfvhNP3-k/hqdefault.jpg	https://www.youtube.com/watch?v=TUFfvhNP3-k		1297	False
1301	DieLinke	19	163	rosalux.de		RLS - 100 Tage Syriza	Was hat sich in Griechenland verändert und wie können Linke und Gewerkschaften hierzulande Druck auf Merkel und Co. aufbauen?		http://www.rosalux.de/fileadmin/images/Veranstaltungen/2015/rls-100-Tage-Syriza-1.jpg	http://www.rosalux.de/documentation/53211/100-tage-syriza-3.html	Veranstaltung Diskussion / Vortrag Mit Giorgos Chondros (Syriza), Hannah Eberle (Blockupy) und Bernd Riexinger (DIE LINKE); Moderation: Wenke Christoph (RLS) Mittwoch, 06.05.2015 | 19:00 Uhr 	1301	False
2582	DieGruenen	19	0	change.org	Change.org	#Bahnstreik-Petition für Solidarität mit der #GDL und für Wahrung des Streikrechts	Der Druck aus Politik, Medien und Teilen der Bevölkerung auf die Gewerkschaft GdL ist unerträglich geworden. Die GdL nimmt mit ihrem soeben ausgerufenen Streik ein fundamentales Grundrecht wahr. Zu Recht verweist sie darauf, daß der Vorstand der Deutschen Bahn im Verein mit der Bundesregierung und der...		http://d22r54gnmuhwmk.cloudfront.net/photos/4/bd/qy/DLBDQYSSaUgRxKr-1600x900-noPad.jpg?1430753122	https://www.change.org/p/bahnstreik-petition-für-solidarität-mit-der-gdl-und-für-wahrung-des-streikrechts	Liebe Change.org-Nutzerinnen und -Nutzer, wir setzen auf Change.org Cookies ein, um Ihnen möglichst viele interessante Inhalte anzuzeigen. Weitere Informationen. OK, das habe ich verstanden Zum Hauptinhalt wechseln 	2582	False
2586	DieGruenen	19	0	youtube.com	YouTube	Trude Herr - Ich will keine Schokolade 1965	Trude Herr - Ich will keine Schokolade 1965 (Original von 1959) Ich lebe unerhört solide, und habe nie ein Rendezvous. Ich gehe höchstens mit den Eltern ein ...	video	https://i.ytimg.com/vi/j_8g-eNkaq4/hqdefault.jpg	https://www.youtube.com/watch?v=j_8g-eNkaq4		2586	False
2588	DieGruenen	19	0	spiegel.de	SPIEGEL ONLINE	Großbritannien-Wahl: Cameron kann allein regieren - SPIEGEL ONLINE	Premierminister David Cameron hat es geschafft: Seine Konservativen haben die absolute Mehrheit im britischen Parlament. Statt eine Koalition schmieden zu müssen, kann er jetzt allein regieren.	article	http://cdn1.spiegel.de/images/image-846128-galleryV9-mrkq-846128.jpg	http://www.spiegel.de/politik/ausland/grossbritannien-wahl-david-cameron-kann-allein-regieren-a-1032749.html	"gantern 08.05.2015 Cameron ist der strahlende Sieger, wie ich es erwartet hatte. Nicht, dass ich mich als einen besonders Kundiger für Großbritannien in Szene setzen möchte. Aber die Ankündigungen, die immer aufdringlicher wurden, ""Kopf an [...] Cameron ist der strahlende Sieger, wie ich es erwartet hatte. Nicht, dass ich mich als einen besonders Kundiger für Großbritannien in Szene setzen möchte. Aber die Ankündigungen, die immer aufdringlicher wurden, ""Kopf an Kopf"", kamen mir zu bekannt vor. Medien lassen sich wohl immer und überall leicht vor den Karren derer spannen, die dringend ihr Wahlvolk in großer Zahl an die Urnen haben möchten. friedrich_eckard 08.05.2015 Kann allein regieren - oder muss allein regieren? Jetzt bekommen die Konservativen vielleicht drei oder vier Stimmen über die ""absolute"" hinaus, und das bedeutet, dass Cameron an den Strippen der verschiedenen [...] Kann allein regieren - oder muss allein regieren? Jetzt bekommen die Konservativen vielleicht drei oder vier Stimmen über die ""absolute"" hinaus, und das bedeutet, dass Cameron an den Strippen der verschiedenen ""Ultras"" in den eigen Reihen - ""Europaskeptiker"" oder Sozailreaktionäre - zappel darf, ohne sich hinter Koalitionsrücksichten verstecken zu können. Ich habe mitr sagen lassen, dass die ""Fraktionsdisziplin"" auf der Insel bei weitem nicht so ausgeprägt sein soll wie hierzulande... da gab es doch einmal einen Menschen namens Pyrrhus... grumpy53 08.05.2015 Man muss zur Kenntnis nehmen, dass Labour erst mal weg vom Fenster sind. Vermutlich haben Blair und Brown soviel Scherben angerichtet, dass es Jahrzehnte zur Erholung braucht. Trotzdem negativ faszinierend ist, dass die 10fache [...] Man muss zur Kenntnis nehmen, dass Labour erst mal weg vom Fenster sind. Vermutlich haben Blair und Brown soviel Scherben angerichtet, dass es Jahrzehnte zur Erholung braucht. Trotzdem negativ faszinierend ist, dass die 10fache Anzahl von Food Banks (Tafel - Essen für sozial Schwache) keinen interessiert, dass junge Menschen sich in den Ballungsgebieten kaum mehr Wohnraum leisten können, um von zuhause auszuziehen - und dann eine Familie zu gründen. Dass der propagierte Wirtschaftswachstum auf Billigjobs beruht, dass Menschen von einem Gehalt nicht leben können, sondern mehrere Jobs zu schlechten Konditionen machen müssen, ist schließlich kein Segen. Dass in London und Umgebung Krankenschwestern, Postboten, Polizisten und Verkäuferinnen keinen bezahlbaren Wohnraum finden, Superreiche die Immobilien lieber leer stehen lassen, um noch reicher zu werden, alles Tendenzen, die eigentlich sozial denkende Wähler beflügeln müssten. Aber in dem Fall geht es Miliband und seiner Partei wie hierzulande der SPD, vor lauter Verbeugen von fast rechts bis fast links verliert man die klassische Arbeiterklasse aus den Augen und macht sich bei der Mittelschicht, die noch intellektuell und tendenziell links wählen könnte, wenig Freunde. Und dann diese Panik der Leute, die Schotten sollen uns nicht regieren. Lachhaft. England regiert lange genug die Schotten und die Waliser, das wird für gut befunden. Als ob die Schotten von heute auf morgen verfügen würden, dass jetzt alle Kilt tragen müssen und Haggis essen. Alles Panikmache. Warten wir ab, ob sie wirklich aus der EU austreten und was daraus wird. Ich persönlich halte das Wahlergebnis für ein Desaster. klemer 08.05.2015 Als in Schottland lebender Deutscher bin ich entsetzt darueber, das jetzt 60 xenophobe Hinterbaenkler die UK aus der EU treiben werden.  Und hoch erfreut darueber, dass Schottland durch das kommende EU Referendum nun doch die [...] Als in Schottland lebender Deutscher bin ich entsetzt darueber, das jetzt 60 xenophobe Hinterbaenkler die UK aus der EU treiben werden.  Und hoch erfreut darueber, dass Schottland durch das kommende EU Referendum nun doch die Gelegenheit bekommt selbststaendig zu werden. bruno47 08.05.2015 Cameron hat seinen Wählern die Abstimmung über den Verbleib in der EU versprochen. Es ist schon pervers, dass in einem Verbund von demokratischen Staaten die Ankündigung einer demokratischen Volksabstimmung blankes Entsetzen [...] Cameron hat seinen Wählern die Abstimmung über den Verbleib in der EU versprochen. Es ist schon pervers, dass in einem Verbund von demokratischen Staaten die Ankündigung einer demokratischen Volksabstimmung blankes Entsetzen hervorruft. "	2588	False
2595	DieGruenen	19	0	google.com	Google Docs	Open Letter on the Appointment of Jean Todt as UN Special Envoy for Road Safety	Many NGOs, academics, and other professionals in road safety and transport have expressed their concern about the process for the selection of the UN Special Envoy for Road Safety, and last week's surprise appointment of Jean Todt, President of FIA, to that position.  Therefore, a open letter has been drafted about the issue. You can find a copy of the letter for your review in three languages:  English: drive.google.com/file/d/0B-tiVw1CPXcNaXlxX25UdURPa2s/view  Français: drive.google.com/file/d/0B-tiVw1CPXcNU21OS1R1U09XTDQ/view  Español drive.google.com/file/d/0B-tiVw1CPXcNMVZmNmNzTVNnem8/view  If your organization would like to sign on to this letter, please fill out the fields below and submit no later than 12:00PM GMT on Friday, May 8.  The letter will then be publicly distributed on behalf of the signers to the relevant officials at the United Nations, as well as to the media.  The letter is open to all organizations to sign. The individuals signing on behalf of their organization must provide an email address at the domain for their organization or the signature can not be considered.  Note that when the letter is publicly distributed, only organizations will be identified as signers, not the individual contacts at the organizations.	article	https://lh6.googleusercontent.com/C85yeo0BW0XfxNXP9OlTbWx3qQsWLVwpEs8INHhT6S-DiptpXySaeUFSquzyYj5MecQ=w1200-h630-p	https://docs.google.com/forms/d/1So8LuWqpjWEFTy-HyzNlVi_p6diZJH21QoGDlD6COkI/viewform?usp=embed_facebook	Open Letter on the Appointment of Jean Todt as UN Special Envoy for Road Safety Many NGOs, academics, and other professionals in road safety and transport have expressed their concern about the process for the selection of the UN Special Envoy for Road Safety, and last week's surprise appointment of Jean Todt, President of FIA, to that position. Therefore, a open letter has been drafted about the issue. You can find a copy of the letter for your review in three languages: English: drive.google.com/file/d/0B-tiVw1CPXcNMVZmNmNzTVNnem8/view If your organization would like to sign on to this letter, please fill out the fields below and submit no later than 12:00PM GMT on Friday, May 8. The letter will then be publicly distributed on behalf of the signers to the relevant officials at the United Nations, as well as to the media. The letter is open to all organizations to sign. The individuals signing on behalf of their organization must provide an email address at the domain for their organization or the signature can not be considered. Note that when the letter is publicly distributed, only organizations will be identified as signers, not the individual contacts at the organizations. * Erforderlich 	2595	False
2597	DieGruenen	19	0	google.com	Google Docs	Open Letter on the Appointment of Jean Todt as UN Special Envoy for Road Safety	Many NGOs, academics, and other professionals in road safety and transport have expressed their concern about the process for the selection of the UN Special Envoy for Road Safety, and last week's surprise appointment of Jean Todt, President of FIA, to that position.  Therefore, a open letter has been drafted about the issue. You can find a copy of the letter for your review in three languages:  English: drive.google.com/file/d/0B-tiVw1CPXcNaXlxX25UdURPa2s/view  Français: drive.google.com/file/d/0B-tiVw1CPXcNU21OS1R1U09XTDQ/view  Español drive.google.com/file/d/0B-tiVw1CPXcNMVZmNmNzTVNnem8/view  If your organization would like to sign on to this letter, please fill out the fields below and submit no later than 12:00PM GMT on Friday, May 8.  The letter will then be publicly distributed on behalf of the signers to the relevant officials at the United Nations, as well as to the media.  The letter is open to all organizations to sign. The individuals signing on behalf of their organization must provide an email address at the domain for their organization or the signature can not be considered.  Note that when the letter is publicly distributed, only organizations will be identified as signers, not the individual contacts at the organizations.	article	https://lh6.googleusercontent.com/C85yeo0BW0XfxNXP9OlTbWx3qQsWLVwpEs8INHhT6S-DiptpXySaeUFSquzyYj5MecQ=w1200-h630-p	https://docs.google.com/forms/d/1So8LuWqpjWEFTy-HyzNlVi_p6diZJH21QoGDlD6COkI/viewform?usp=embed_facebook	Open Letter on the Appointment of Jean Todt as UN Special Envoy for Road Safety Many NGOs, academics, and other professionals in road safety and transport have expressed their concern about the process for the selection of the UN Special Envoy for Road Safety, and last week's surprise appointment of Jean Todt, President of FIA, to that position. Therefore, a open letter has been drafted about the issue. You can find a copy of the letter for your review in three languages: English: drive.google.com/file/d/0B-tiVw1CPXcNMVZmNmNzTVNnem8/view If your organization would like to sign on to this letter, please fill out the fields below and submit no later than 12:00PM GMT on Friday, May 8. The letter will then be publicly distributed on behalf of the signers to the relevant officials at the United Nations, as well as to the media. The letter is open to all organizations to sign. The individuals signing on behalf of their organization must provide an email address at the domain for their organization or the signature can not be considered. Note that when the letter is publicly distributed, only organizations will be identified as signers, not the individual contacts at the organizations. * Erforderlich 	2597	False
2601	DieGruenen	19	0	merkur.de	http://www.merkur.de	Pfarrer schlägt vor: Prostituierte für Asylbewerber	Siegertsbrunn - Bei einer Diskussion der CSU in Siegertsbrunn zum Thema Asyl regt der pensionierte Pfarrer an, Asylbewerbern die Dienste von Prostituierten zur Verfügung zu stellen.	article	http://www.merkur.de/bilder/2015/03/05/4791059/199197911-wagner-GTlLjO78Qef.jpg	http://www.merkur.de/lokales/muenchen-lk-sued/pfarrer-schlaegt-vor-prostituierte-asylbewerber-4791059.html	"Diese Männer haben ein sexuelles Bedürfnis Pfarrer schlägt vor: Prostituierte für Asylbewerber Siegertsbrunn - Bei einer Diskussion der CSU in Siegertsbrunn zum Thema Asyl regt der pensionierte Pfarrer an, Asylbewerbern die Dienste von Prostituierten zur Verfügung zu stellen. Herr Wagner, Sie haben bei einer Asyldebatte in Siegertsbrunn neben vielem anderen angeregt, Asylbewerbern die Dienste von Prostituierten zur Verfügung zu stellen. Ist das Ihr Ernst? Der Gedanke kam, als mir ein Freund erzählt hat, dass in sein Dorf 100 Asylbewerber kommen und jetzt viele Angst hätten, dass so viele Männer die Frauen im Ort belästigen könnten. Ob begründet oder nicht: Diesen Ängsten will ich damit begegnen. Denn es gibt sie. Lesen Sie auch: Prostituierte für Asylbewerber? ""Makaber und geschmacklos"" Glauben Sie, das ist der richtige Weg? Ich möchte doch bestimmt kein Flatrate-Bordell für Asylbewerber, aber klar ist: Diese Männer haben ein sexuelles Bedürfnis. Da machen wir aber die Augen zu, soweit denkt niemand. Wir schauen weg ?  Der Bedarf ist doch da. In unserer Gesellschaft haben wir doch auch Prostitution, das soll doch ein anerkannter Beruf sein, die Zeitungen und das Internet sind voll mit Anzeigen. Wenn’s aber um Asylbewerber geht, geben wir ihnen zu essen, zu trinken und sagen: Das Problem ist gelöst. Ist es aber nicht. Also Gratis-Schäferstündchen aus Steuergeldern?  Mein erster Gedanke ist gar nicht, wer das bezahlt. Aber es gab ja mal einen Hartz IV-Empfänger, der erklagen wollte, dass ihm seine Bordellbesuche bezahlt werden. Der hatte natürlich keinen Erfolg. Aber vielleicht findet sich auch da ein Unterstützerkreis. „Freie Liebe für freie Menschen“ könnte der heißen. Einen Namen hätten Sie also schon.  Ich bin ohne Scheu. Vielleicht erklärt sich auch ein Bordellbesitzer bereit, ein gutes Werk zu tun. Am Vormittag ist da ja eh nicht viel los, vermute ich. Sie haben wirklich wenig Scheu. Sehen Sie, der Bürgermeister kann das natürlich nicht ansprechen, kein Politiker kann das. Katholische Pfarrer sowieso nicht. Wer darf denn sowas noch sagen, wenn nicht ein evangelischer Pfarrer? - Bis jetzt sind Sie da aber der einzige, soweit wir wissen.  Ja, wenn ich das mit Kollegen bespreche, ernte ich auch immer großes Staunen. Viele würden nicht einmal wagen, etwas Derartiges zu denken. Da sage ich dann: „Ihr redet immer nur so freundlich und nett.“ - Wie, glauben Sie, komen Ihre Aussagen an?  Ich bin ein freier Bürger, ich habe eine freie Meinung. Wenn sich jemand über mich ärgern will, kann er sich ärgern. Und wahrscheinlich werden sich einige aufregen. Aber das ist deren Problem. Und Ihre Kirche?  Ich halte die neuerliche Tendenz in der Kirche für ganz schlimm, anderen vorzuschreiben, welche Meinung sie zu haben haben. Wir sind nicht in Nordkorea. Aber da werden natürlich einige sagen: „Typisch Wagner!“ Ihnen ist das egal? Ich muss mich allein vor dem Herrgott verantworten. Das Gespräch führte "	2601	False
2605	DieGruenen	19	0	taz.de		Neues Wahlrecht in Italien: Bis zu fünfzehn Prozent geschenkt	Italien hat das Wahlgesetz reformiert. Hat die stärkste Partei über 40 Prozent der Stimmen, erhält sie 55 Prozent der Abgeordnetensitze.	article	http://www.taz.de/picture/45148/948/italien-wahlrecht_05052015.jpg	http://www.taz.de/!5009591/	Neues Wahlrecht in Italien Bis zu fünfzehn Prozent geschenkt Italien hat das Wahlgesetz reformiert. Hat die stärkste Partei über 40 Prozent der Stimmen, erhält sie 55 Prozent der Abgeordnetensitze. So sehen GewinnerInnen aus: die Ministerin für Verfassungsreformen und ein Parteikollege.  Bild:      dpa ROM afp | Das italienische Parlament hat am Montag mit breiter Mehrheit ein neues Wahlgesetz verabschiedet, welches die politischen Kräfteverhältnisse grundlegend verändern dürfte. 334 Mitglieder der Abgeordnetenkammer in Rom stimmten am Abend für die Reform, nur 61 Abgeordnete stimmten dagegen. Es gab vier Enthaltungen. Das Gesetz soll in dem schon oft von wackeligen Koalitionen geführten Land zu mehr politischer Stabilität führen. Die Reform soll im kommenden Jahr in Kraft treten. Sie sieht vor, dass die Partei, die mit mindestens 40 Prozent der Stimmen als stärkste Kraft aus einer Wahl hervorgeht, automatisch rund 55 Prozent der Sitze in der Abgeordnetenkammer (340 von 630 Sitzen) erhält. Zuvor war diese Mehrheit für die gesamte Regierungskoalition vorgesehen. Sollte keine Partei im ersten Wahlgang 40 Prozent der Stimmen erreichen, soll ein zweiter Wahlgang zwischen den beiden stärksten Fraktionen entscheiden. Auch müssen Parteien in Italien künftig mindestens drei Prozent der Stimmen erreichen, um ins Parlament einzuziehen. „Pflicht erfüllt, Versprechen gehalten“, schrieb Italiens Ministerpräsident Matteo Renzi nach der Parlamentsentscheidung beim Kurznachrichtendienst Twitter. Italien brauche „diejenigen, die nicht immer 'nein' sagen“. Zuvor hatte er die Reform gegenüber einem Publikum aus Börsenhändlern in Mailand als zentralen Bestandteil seiner breiter angelegten Reformagenda bezeichnet. Mit dem neuen Gesetz sei von nun an „klar, wer gewonnen hat und wer für fünf Jahre regiert“, sagte Renzi. „Diese politische Stabilität“ sei eine „Voraussetzung für wirtschaftliche Innovation“. Damit die Reform ihre gewünschte Wirkung entfaltet, ist allerdings noch eine Verfassungsänderung nötig, mit der die Rechte des Senats zur Verzögerung und Blockierung der Gesetzgebung eingeschränkt werden. Derzeit ist die zweite Parlamentskammer der ersten Kammer noch gleichgestellt. Die Verfassungsänderung durchläuft derzeit noch den parlamentarischen Prozess, zudem soll am Ende eine Volksabstimmung darüber stattfinden. Renzi hatte sich vehement für die von ihm mit dem Chef der oppositionellen Forza Italia, Silvio Berlusconi, ausgehandelte Reform eingesetzt und für den Fall eines Scheiterns sogar seinen Rücktritt in Aussicht gestellt. Viele Oppositionspolitiker lehnen die Änderungen ebenso wie eine Minderheit in Renzis Demokratischer Partei (PD) ab. Kritiker sehen darin einen Versuch des Ministerpräsidenten, seine Machtposition langfristig abzusichern. Renzi hatte dem entgegengehalten, er sei „nicht hier, um 20 Jahre zu regieren“, sondern „um Italien zu verändern“.   	2605	False
2606	DieGruenen	19	0	faz.net	FAZ.NET	Wegen wackeligen Koalitionen: Italiens Parlament beschließt neues Wahlrecht	Eine Wahlrechtsreform soll Italien mehr politische Stabilität verleihen. Ministerpräsident Renzi hatte sich für das Vorhaben starkgemacht – und musste deswegen Kritik aus den eigenen Reihen einstecken.		http://media0.faz.net/ppmedia/aktuell/politik/ausland/europa/3613327612/1.3574630/article_multimedia_overview/die-wahlrechtsreform-koennte.jpg	http://www.faz.net/aktuell/politik/ausland/europa/das-italienische-parlament-billigt-eine-wahlrechtsreform-13574591.html	Das italienische Parlament billigt eine Wahlrechtsreform   Beitrag per E-Mail versenden Italiens Parlament beschließt neues Wahlrecht Wegen wackeligen Koalitionen Italiens Parlament beschließt neues Wahlrecht Von Eine Wahlrechtsreform soll Italien mehr politische Stabilität verleihen. Ministerpräsident Renzi hatte sich für das Vorhaben starkgemacht – und musste deswegen Kritik aus den eigenen Reihen einstecken. Ein Fehler ist aufgetreten. Bitte überprüfen Sie Ihre Eingaben. E-Mail-Adresse des Empfängers (Mehrere Adressen durch Kommas trennen) Ihre E-Mail Adresse Ihre Nachricht (optional) Sicherheitscode Um einen neuen Sicherheitscode zu erzeugen, klicken Sie bitte auf das Bild. Bitte geben Sie hier den oben gezeigten Sicherheitscode ein. Veröffentlicht: 04.05.2015, 19:36 Uhr Wegen wackeligen Koalitionen Italiens Parlament beschließt neues Wahlrecht Eine Wahlrechtsreform soll Italien mehr politische Stabilität verleihen. Ministerpräsident Renzi hatte sich für das Vorhaben starkgemacht – und musste deswegen Kritik aus den eigenen Reihen einstecken. 04.05.2015 Die Wahlrechtsreform könnte die Besetzung des Parlaments nachhaltig verändern. © AP Die Wahlrechtsreform könnte die Besetzung des Parlaments nachhaltig verändern. Das italienische Parlament hat am Montag mit breiter Mehrheit ein neues Wahlgesetz verabschiedet, welches die politischen Kräfteverhältnisse grundlegend verändern dürfte. 334 Mitglieder der Abgeordnetenkammer in Rom stimmten am Abend für die Reform, nur 61 Abgeordnete stimmten dagegen. Es gab vier Enthaltungen. Das Gesetz soll im kommenden Jahr in Kraft treten. Es soll in einem Land, das an wacklige Koalitionen gewöhnt ist, zu mehr politischer Stabilität führen. Die Reform sieht vor, dass die Partei, die als stärkste Kraft aus einer Wahl hervorgeht, 55 Prozent der Sitze in der Abgeordnetenkammer sicher hat. Damit die Reform ihre gewünschte Wirkung entfaltet, ist allerdings noch eine Verfassungsänderung nötig, mit der die Rechte des Senats eingeschränkt werden. Denn die zweite Parlamentskammer ist bislang der ersten Kammer gleichgestellt. Die Verfassungsänderung durchläuft derzeit noch den parlamentarischen Prozess, zudem soll eine Volksabstimmung darüber stattfinden. Italiens Ministerpräsident Matteo Renzi hatte sich entschieden für die Reform eingesetzt, die er mit dem Chef der oppositionellen Forza Italia, Silvio Berlusconi, ausgehandelt hatte. Viele Oppositionspolitiker sind jedoch gegen die Änderungen, und auch eine Minderheit in Renzis Demokratischer Partei (PD) lehnt die Reform ab. 	2606	False
2607	DieGruenen	19	0	spiegel.de	SPIEGEL ONLINE	Bundestag: Erneuter Vorstoß für Kinderwahlrecht - SPIEGEL ONLINE	Eine Gruppe von Abgeordneten um die ehemalige Familienministerin Renate Schmidt bereitet einen erneuten Antrag für ein Kinderwahlrecht vor. Demnach sollen Menschen in Deutschland von Geburt an wählen können.	article	http://www.spiegel.de/static/sys/v10/logo/fb_logo_default.jpg	http://www.spiegel.de/politik/deutschland/bundestag-erneuter-vorstoss-fuer-kinderwahlrecht-a-459886.html	"Hinweis nicht mehr anzeigen. Bundestag: Erneuter Vorstoß für Kinderwahlrecht Eine Gruppe von Abgeordneten um die ehemalige Familienministerin Renate Schmidt bereitet einen erneuten Antrag für ein Kinderwahlrecht vor. Demnach sollen Menschen in Deutschland von Geburt an wählen können. Hamburg - Renate Schmidt (SPD) sagte der ""Süddeutschen Zeitung"", die Gruppe bereite einen entsprechenden Antrag an den Bundestag vor. Ihr gehörten auch der amtierende Bundestagsvizepräsident Hermann Otto Solms (FDP) und der SPD-Bundestagsabgeordnete Steffen Reiche an. ""Jeder Mensch muss von Geburt an eine Stimme haben"", sagte Schmidt. ""Natürlich können Babys nicht selber wählen. Bis zu einem gewissen Alter sollen deshalb die Eltern für ihre Kinder deren Stimmen abgeben können. Dann müssen die Kinder aber selbst abstimmen dürfen und zwar nicht nur bei Kommunal-, sondern bei allen Wahlen."" Ohne eine entsprechende Änderung des Wahlrechts befürchte sie, dass ""in einem Land, in dem es immer mehr ältere Menschen gibt, die Interessen der Jüngeren etwa an guten Schulen und Kindertagesstätten ins Hintertreffen geraten"" könnten. In der vergangenen Legislaturperiode hatte eine Gruppe von 47 Abgeordneten den Angaben zufolge bereits einen ähnlichen Antrag gestellt, der jedoch abgelehnt wurde. Schmidt sagte, die Gruppe habe den alten Antrag überarbeiten lassen. Sie könne deshalb keine verfassungsrechtlichen Probleme an dem Antrag mehr erkennen. bri/AP "	2607	False
2614	DieGruenen	19	0	tagesspiegel.de		Wie bei den Taliban!	Keine nackte Haut, keine Hausfrauen: Das Bezirksparlament in Friedrichshain-Kreuzberg will Plakate mit sexistischer Werbung verbieten. Harald Martenstein erinnert dieser Plan an Nordkorea - und das Afghanistan der Taliban.	article	http://www.tagesspiegel.de/images/werbung_dpa/9420244/3-format530.jpg	http://www.tagesspiegel.de/berlin/bezirke/friedrichshain-kreuzberg/multi-und-kultur/verbot-von-sexistischer-werbung-wie-bei-den-taliban/9419772.html	02.02.2014 11:40 Uhr Verbot von sexistischer Werbung : Wie bei den Taliban! Keine nackte Haut, keine Hausfrauen: Das Bezirksparlament in Friedrichshain-Kreuzberg will Plakate mit sexistischer Werbung verbieten. Harald Martenstein erinnert dieser Plan an Nordkorea - und das Afghanistan der Taliban. Sexualisierte Werbung soll bald überall in Deutschland verboten sein. Foto: dpa Das Bezirksparlament von Friedrichshain-Kreuzberg ist berühmt für originelle Ideen. Die neueste: Sie möchten sexistische Werbung verbieten. Ein entsprechender Antrag von Grünen, Piraten, Linkspartei und SPD liegt vor, angesichts der Mehrheitsverhältnisse gibt es wenig Zweifel an seiner Verabschiedung. Das Bezirksamt soll Werbeplakate verhindern, auf denen die Gleichwertigkeit der Geschlechter infrage gestellt wird, männliches Dominanzgebaren, zum Beispiel im Baumarkt oder beim Kauf eines BMW, nicht kritisch dargestellt wird, auf denen Körper „unangemessen dargestellt“ sind und – obwohl das nicht direkt etwas mit Sexismus zu tun hat – Ausbeutung aller Art nicht kritisch reflektiert wird. In der Begründung heißt es, dass in Zukunft Werbung nur noch legal sein darf, wenn sie den politischen „Idealen eines emanzipierten, bewussten und nachhaltigen Lebens“ entspricht. Dass Werbung auf politische Ideen verpflichtet wird – so was gibt es bisher höchstens in Nordkorea. Die Formulierung „unangemessene Darstellung von Körpern“ dagegen könnten sie aus dem Programm der Taliban übernommen haben. Was mich gewundert hat: Es sollen auf den Kreuzberger Plakatwänden auch keine Bilder von Hausfrauen mehr erlaubt sein. Die Körper von Hausfrauen sind in der Werbung ja meist angemessen bekleidet. Aber dadurch, heißt es auf der Homepage des Bezirksamtes, würden Heranwachsende mit „Rollenklischees konfrontiert werden“. Wenn Mädchen und Frauen Bilder von heterosexuellen Hausfrauen sehen, dann habe dies zur Folge, dass sie „sich selbst nicht außerhalb dieses Rahmens vorstellen können“. Unser Kolumnist Harald Martenstein, mehr von ihm hier. Zeichnung: promo So doof sind Mädchen nicht Das ist seltsam. Wenn es um die Darstellung von Homosexualität geht, etwa in der Schule, dann sagen die Homophoben exakt das Gleiche. Sie sagen: Wenn man die Kinder im Unterricht mit Homosexualität in Berührung bringt, dann werden deswegen später viele von ihnen homosexuell. Es stimmt nicht, es ist Unsinn. Aber genau den gleichen Unsinn, nur anders herum, verzapfen sie jetzt in Kreuzberg. Zeige einem Mädchen Bilder von einer Hetero-Hausfrau, und sie wird eine Hetero-Hausfrau. Das ist diskriminierend. So doof sind Mädchen meines Wissens nicht. Abgesehen davon – warum soll sie das nicht dürfen, wenn sie möchte? Ich bin für Vielfalt. Ich bin dagegen, dass man Hausfrauen verbietet. Es ist auch schwer zu kontrollieren, das hat man bei der Prohibition in den USA gesehen. Da entsteht in Kreuzberg ein Untergrund, wo Frauen in Kellerlokalen heimlich heterosexuell sind, mit Rolf Eden Eierlikör trinken und heimlich Staub wischen. Tagsüber tun sie so, als seien sie ganz normale Kreuzberger Kifferinnen. Andererseits wären diese illegalen Hetero-Hausfrauen-Kneipen natürlich ein weiteres Kreuzberger Touristenziel. Dieser Artikel erscheint im Kreuzberg Blog , dem hyperlokalen Online-Magazin des Tagesspiegels. 	2614	False
3741	SPD	19	119	spd.de	Sozialdemokratische Partei Deutschlands (SPD)	Aktuelles		article		https://www.spd.de/aktuelles/	Sigmar Gabriel und Martin Schulz, 23.06.2016 Europa nach dem britischen Referendum Aufbruch, jetzt! Europa braucht einen Neustart. Ängstliches Stückwerk oder ein einfaches „Weiter so“ darf es nach dem britischen Referendum nicht geben. Es ist höchste Zeit für eine mutige Politikwende. Für ein Europa der Bürgerinnen und Bürger, das Wohlstand und Gerechtigkeit in den Mittelpunkt stellt. Ein Namensbeitrag von Sigmar Gabriel und Martin Schulz. 25.06.2016 SPD-Programmkonferenz Arbeit der Zukunft Globalisierung. Digitalisierung. Neue Märkte. Die Arbeitswelt verändert sich rasant. Die SPD will, dass alle im Land davon profitieren – nicht nur wenige. Welche Weichen müssen dafür gestellt werden? Darüber haben fast 500 Bürgerinnen und Bürger am Samstag in Bonn mit Spitzenpolitikern der SPD diskutiert. Erste Schritte auf dem Weg zum Wahlprogramm für 2017. 25.06.2016 Sigmar Gabriel auf der SPD-Programmkonferenz „Arbeit“ „Ein sozialdemokratischer Aufbruch“ Die SPD startet ihren Programmprozess für die Bundestagswahl 2017. Fast 500 Sozialdemokratinnen und Sozialdemokraten diskutieren in Bonn die Zukunft der Arbeit – auch unter dem Eindruck des Brexit-Referendums. Denn radikale Rechte profitieren von Verunsicherung und hoher Arbeitslosigkeit in Teilen Europas. Mutige Politik und einen „sozialdemokratischen Aufbruch“ forderte der SPD-Chef Sigmar Gabriel. Abonniere den RSS-Feed zu aktuellen Themen: www.spd.de/aktuelles/feed.rss 24.06.2016 Reaktionen auf Brexit Wir müssen Europa besser machen Großbritannien hat sich für den Abschied von der Europäischen Union entschieden. Als Konsequenz fordern SPD-Chef Sigmar Gabriel und EU-Parlamentspräsident Martin Schulz einen Neustart für die Europäische Union. In einem 10-Punkte-Papier legen sie dar, wie Europa sich wenden und wieder Kurs auf seine Menschen nehmen muss. 22.06.2016 Programmkonferenz Arbeit Die besten Antworten gibt es nur gemeinsam Intensive Diskussionen mit Bürgerinnen und Bürgern, Fachleuten und der gesamten Partei bestimmen den Weg der SPD zum Programm für die Bundestagswahl im Herbst 2017. Den Anfang macht die Programmkonferenz Arbeit mit Sigmar Gabriel, Hannelore Kraft, Katarina Barley, Andrea Nahles und vielen anderen am 25. Juni in Bonn. SPD.de überträgt per Livestream. 21.06.2016 Unser Erfolg Fracking verboten! Durchbruch beim Thema Fracking: Die SPD hat ein unbefristetes Frackingverbot durchgesetzt. „Das ist ein Riesenerfolg“, sagte SPD-Umweltexperte Matthias Miersch am Dienstag. 	3741	False
3743	SPD	19	198	spd.de	Sozialdemokratische Partei Deutschlands (SPD)	Aktuelles		article		https://www.spd.de/aktuelles/	Sigmar Gabriel und Martin Schulz, 23.06.2016 Europa nach dem britischen Referendum Aufbruch, jetzt! Europa braucht einen Neustart. Ängstliches Stückwerk oder ein einfaches „Weiter so“ darf es nach dem britischen Referendum nicht geben. Es ist höchste Zeit für eine mutige Politikwende. Für ein Europa der Bürgerinnen und Bürger, das Wohlstand und Gerechtigkeit in den Mittelpunkt stellt. Ein Namensbeitrag von Sigmar Gabriel und Martin Schulz. 25.06.2016 SPD-Programmkonferenz Arbeit der Zukunft Globalisierung. Digitalisierung. Neue Märkte. Die Arbeitswelt verändert sich rasant. Die SPD will, dass alle im Land davon profitieren – nicht nur wenige. Welche Weichen müssen dafür gestellt werden? Darüber haben fast 500 Bürgerinnen und Bürger am Samstag in Bonn mit Spitzenpolitikern der SPD diskutiert. Erste Schritte auf dem Weg zum Wahlprogramm für 2017. 25.06.2016 Sigmar Gabriel auf der SPD-Programmkonferenz „Arbeit“ „Ein sozialdemokratischer Aufbruch“ Die SPD startet ihren Programmprozess für die Bundestagswahl 2017. Fast 500 Sozialdemokratinnen und Sozialdemokraten diskutieren in Bonn die Zukunft der Arbeit – auch unter dem Eindruck des Brexit-Referendums. Denn radikale Rechte profitieren von Verunsicherung und hoher Arbeitslosigkeit in Teilen Europas. Mutige Politik und einen „sozialdemokratischen Aufbruch“ forderte der SPD-Chef Sigmar Gabriel. Abonniere den RSS-Feed zu aktuellen Themen: www.spd.de/aktuelles/feed.rss 24.06.2016 Reaktionen auf Brexit Wir müssen Europa besser machen Großbritannien hat sich für den Abschied von der Europäischen Union entschieden. Als Konsequenz fordern SPD-Chef Sigmar Gabriel und EU-Parlamentspräsident Martin Schulz einen Neustart für die Europäische Union. In einem 10-Punkte-Papier legen sie dar, wie Europa sich wenden und wieder Kurs auf seine Menschen nehmen muss. 22.06.2016 Programmkonferenz Arbeit Die besten Antworten gibt es nur gemeinsam Intensive Diskussionen mit Bürgerinnen und Bürgern, Fachleuten und der gesamten Partei bestimmen den Weg der SPD zum Programm für die Bundestagswahl im Herbst 2017. Den Anfang macht die Programmkonferenz Arbeit mit Sigmar Gabriel, Hannelore Kraft, Katarina Barley, Andrea Nahles und vielen anderen am 25. Juni in Bonn. SPD.de überträgt per Livestream. 21.06.2016 Unser Erfolg Fracking verboten! Durchbruch beim Thema Fracking: Die SPD hat ein unbefristetes Frackingverbot durchgesetzt. „Das ist ein Riesenerfolg“, sagte SPD-Umweltexperte Matthias Miersch am Dienstag. 	3743	False
3985	NPD	19	254	deutsche-wirtschafts-nachrichten.de	DEUTSCHE WIRTSCHAFTS NACHRICHTEN	Russland wirbt für Allianz mit Deutschland und Frankreich	Der Vorsitzende des Auswärtigen Ausschusses der Duma, Alexej Puschkow, traf sich in Paris mit hochrangigen französischen Politikern. Er warb für eine russische Allianz mit Frankreich und Deutschland. Die USA wollen solch eine Zusammenarbeit verhindern.	article	h	http://deutsche-wirtschafts-nachrichten.de/2015/05/10/russland-wirbt-fuer-allianz-mit-deutschland-und-frankreich/	In einer gemeinsamen Erklärung haben Deutschland, Frankreich und Italien die Zukunft der EU beschworen. Angesichts der konkreten Probleme bleibt die Erklärung der drei EU-Staaten sehr allgemein. Wir dokumentieren die Erklärung im Wortlaut. Francois Hollande, Angela Merkel und Matteo Renzi am Montag in Berlin. (Foto: dpa) Gemeinsame Erklärung der Bundeskanzlerin der Bundesrepublik Deutschland, des Präsidenten der Französischen Republik und des Ministerpräsidenten der Italienischen Republik: Die britische Bevölkerung hat am 23. Juni 2016 mehrheitlich ihren Wunsch zum Ausdruck gebracht, die Europäische Union zu verlassen. Deutschland, Frankreich und Italien respektieren diese Entscheidung. Wir bedauern, dass das Vereinigte Königreich nicht länger unser Partner innerhalb der Europäischen Union sein wird. Wir sind voller Zuversicht, dass die Europäische Union stark genug ist, um die richtigen Antworten zu geben. Wir haben keine Zeit zu verlieren. Heute geben wir ein starkes Bekenntnis zur europäischen Einigung ab. Wir sind fest davon überzeugt, dass die Europäische Union unerlässlich ist, um unsere Staaten durch gemeinsames Handeln zu stärken, zusammen mit unseren gemeinsamen Institutionen, um den wirtschaftlichen und sozialen Fortschritt für unsere Bevölkerung sicherzustellen, und um Europas Rolle in der Welt zu behaupten. Seit fast 60 Jahren bildet die EU eine einzigartige Gemeinschaft der Rechtstaatlichkeit, der Freiheiten und Rechte sowie der gemeinsamen Werte. Die EU versetzt uns in die Lage, unser europäisches Gesellschaftsmodell zu behaupten, das wirtschaftlichen Erfolg mit sozialer Verantwortung vereint. Die EU ermöglicht es uns, unsere kulturelle Vielfalt zu bewahren. Der Binnenmarkt, unsere Gemeinschaftspolitiken und der Euro sind weltweit einzigartig. Diese Errungenschaften sind die Grundlage unseres Wohlstands. Gemeinsam fördern wir unsere Interessen mit dem Ziel, freien und fairen Handel in der Welt zu gewährleisten. Gemeinsam schreiten wir in unserer Energiepolitik voran und leisten unseren Beitrag für den weltweiten Klimaschutz. Gemeinsam tragen wir in der Welt zu Stabilität und Entwicklung bei und fördern den Frieden. Es ist ebenso unsere Überzeugung, dass die Europäische Union nur dann wieder vorangebracht werden kann, wenn sie weiterhin von ihren Bürgerinnen und Bürgern getragen wird. Die Europäische Union muss sich daher den Sorgen widmen, die ihre Bürgerinnen und Bürger zum Ausdruck bringen, indem sie ihre Ziele und ihre Funktionsweise klarstellt. Sie sollte stärker sein bei den wesentlichen Prioritäten, bei denen die Europäer ihre Kräfte bündeln müssen, und sich dort zurücknehmen, wo die Mitgliedstaaten besser handeln können. Sie bleibt unter der demokratischen Kontrolle ihrer Bürgerinnen und Bürger und muss verständlicher werden. Sie muss schneller handeln, insbesondere bei der Umsetzung von Programmen und Projekten, von denen die Bürgerinnen und Bürger direkt profitieren. In einer sich wandelnden Welt sollte die Europäische Union ihre wesentlichen Errungenschaften erhalten und sich auf die aktuellen Herausforderungen konzentrieren. Dazu gehören die weltweiten Migrationsbewegungen und neue Bedrohungen, wie insbesondere der internationale Terrorismus, den kein einzelner Mitgliedstaat alleine bewältigen kann. Sie muss ebenso die Fähigkeit der Europäer stärken, im zunehmenden internationalen Wettbewerb zu bestehen, und gleichzeitig die europäische soziale Marktwirtschaft stärken. Wir schlagen daher drei prioritäre Bereiche für ein vertieftes gemeinsames Handeln vor, basierend auf konkreten Zielen: Innere und äußere Sicherheit: Europa ist großen Herausforderungen ausgesetzt. Diese erfordern eine Stärkung der gemeinsamen Maßnahmen zum Schutz unserer Außengrenzen und für Frieden und Stabilität in unserer Nachbarschaft, insbesondere im Mittelmeerraum, in Afrika und im Nahen und Mittleren Osten. Wir werden im Kampf gegen den Terrorismus in Europa nur dann erfolgreich sein, wenn wir gemeinsam handeln. Wir werden den Terrorismus nur dann bezwingen, wenn wir uns der Aufgabe gewachsen zeigen, das Gemeinschaftsgefühl wieder aufzubauen und in unseren Städten gegen soziale Ausgrenzung vorzugehen. Wir werden unserer Verantwortung gerecht, wenn wir unsere europäische Verteidigung weiterentwickeln und für unsere gemeinsamen Operationen, unsere militärischen Fähigkeiten und unsere Industrie die notwendigen Verpflichtungen eingehen. Das Potenzial einer echten gemeinsamen Außen-, Sicherheits- und Verteidigungspolitik wurde bisher nicht voll ausgeschöpft. Starke Wirtschaft und starker sozialer Zusammenhalt: Europa muss sein Wohlstandsversprechen an seine Bevölkerung halten. Wir brauchen mehr Wachstum, um Arbeitslosigkeit zu bekämpfen und Arbeitsplätze zu schaffen, insbesondere für junge Menschen. Wir brauchen mehr Investitionen, um die Stärke unserer Wirtschaft im globalen Wettbewerb zu sichern. Für den Erfolg unseres Sozial- und Wirtschaftsmodells, das wirtschaftliche Stärke mit sozialer Verantwortung vereint, brauchen wir die richtigen Rahmenbedingungen; bessere Politiken für Unternehmertum und Beteiligung am Arbeitsleben; eine Stärkung von Forschung, Innovation, Aus- und Weiterbildung, die aufgrund des auf Wissen und den Fähigkeiten der Bürgerinnen und Bürger basierenden Wohlstands Europas eine Schlüsselrolle spielen; die Entwicklung der digitalen Wirtschaft in Europa für bessere Dienstleistungen, eine modernisierte Industrie und Beschäftigung; die Nutzung des vollen Potenzials der Energie- und Klimapolitik zum Schutz der Umwelt. Für die Länder, die den Euro als Währung nutzen, werden weitere Schritte nötig sein, um Wachstum, Wettbewerbsfähigkeit, Beschäftigung und Konvergenz zu stärken, einschließlich im Bereich der Sozial- und der Steuerpolitik. Ambitionierte Programme für die Jugend: Europa wird nur dann erfolgreich sein, wenn es seinen jungen Menschen Hoffnung gibt. Wir müssen die europäischen Initiativen für Fort- und Weiterbildung, Unternehmertum und europaweiten Zugang zu Arbeitsplätzen stärken. Dazu zählen etwa die Jugendbeschäftigungsinitiative und das Erasmus-Programm für Studierende, Auszubildende und junge Berufstätige. Die Europäische Union verkörpert unsere gemeinsamen Werte: Wir streben nach Frieden und Freiheit, nach Demokratie und Rechtsstaatlichkeit, nach gegenseitigem Respekt und Verantwortung, nach Toleranz und Partizipation, nach Gerechtigkeit und Solidarität. Heute ist der Tag, diese Werte zu bekräftigen. Wir werden morgen den Staats- und Regierungschefs und den europäischen Institutionen vorschlagen, einen Prozess in Gang zu setzen auf Grundlage eines konkreten Zeitplans und präziser Verpflichtungen, um Antworten auf die Herausforderungen zu finden, die sich aus dem Ergebnis des Referendums im Vereinigten Königreich ergeben, und um konkrete Lösungen für eine gute Zukunft der EU und ihrer Bürgerinnen und Bürger zu entwickeln. Auf dieser Grundlage sollten die Staats- und Regierungschefs im September die gemeinsamen Herausforderungen diskutieren, vor denen die 27 Mitgliedstaaten stehen, sowie die wesentlichen Prioritäten, über die sie entscheiden müssen. Sie sollten sich auf konkrete Projekte verständigen, die in Europa in den nächsten sechs Monaten für Wachstum und Sicherheit umgesetzt werden. Die Arbeit an der Umsetzung der notwendigen Initiativen sollte unmittelbar beginnen. Beiträge von internationalen Persönlichkeiten können die Diskussionen der Staats- und Regierungschefs über die europäischen Perspektiven im globalen Kontext befruchten. Die Treffen des Europäischen Rates im Oktober 2016 und Dezember 2016 werden uns die Gelegenheit geben, den diesbezüglichen Fortschritt festzustellen und die notwendigen Leitlinien festzulegen. Der 60. Jahrestag der Unterzeichnung der Römischen Verträge am 25. März 2017 wird ein wichtiger Moment sein, um die Einheit Europas und unser gemeinsames Bekenntnis zum europäischen Projekt zu bekräftigen. 	3985	True
3986	NPD	19	68	npd-mv.de		Unverschämte Anmaßung: Griechen wollen deutschen Historiker ins Gefängnis werfen!	Am 2.September beginnt in Griechenland der Strafprozeß gegen den deutschen Historiker Heinz A.Richter. (Quelle: Focus Ausgabe 19/15)Sein VerbrechenIn Griechenland gilt es als „offenkundige historische Wahrheit“, dass die Partisanen auf Kreta durch ihren Heldenmut der Wehrmacht so zugesetzt hätten, d	article	http://www.npd-mv.de/wp-content/uploads/2015/05/griechenland.haft_.png	http://www.npd-mv.de/?p=15258	Aktuelles - 10. Mai 2015 Am 2.September beginnt in Griechenland der Strafprozeß gegen den deutschen Historiker Heinz A.Richter. (Quelle: Focus Ausgabe 19/15) Sein Verbrechen In Griechenland gilt es als „offenkundige historische Wahrheit“, dass die Partisanen auf Kreta durch ihren Heldenmut der Wehrmacht so zugesetzt hätten, dass dieser ihre Offensive gegen die Sowjetunion nicht pünktlich in die Wege leiten konnte. Die 6 Wochen Verzögerung, die sich hieraus ergaben, wären kriegsentscheidend gewesen. Also hätte eigentlich Griechenland den Zweiten Weltkrieg gewonnen! Wer das anzweifelt, macht sich strafbar und muß mit mehreren Jahren Gefängnis rechnen, und zwar wegen „rassistischer Verunglimpfung der Kriegsopfer auf Kreta“. Heinz A. Richter, ein Spezialist für griechische Geschichte, kam im Rahmen seiner Forschungen aber zu dem Ergebnis, dass es sich bei der offiziellen griechischen Geschichtsauffassung nur um eine Legende handle. Dafür will man ihn nun einsperren. Geschichtsstrafrecht Geschichtsstrafrecht kennen wir schon aus der BRD. Jetzt wird es langsam zum Exportschlager. Jede beliebige Geschichtsauffassung kann unter Hinweis auf verunglimpfte Bevölkerungsgruppen zum Verbrechen erklärt werden. Europaweit! Der Europäische Haftbefehl Seit 2006 ist der Europäische Haftbefehl in der BRD in Kraft. Er beruht auf einem Rahmenbeschluß der EU, in dem 32 Delikte aufgelistet sind, bei denen eine Auslieferung erfolgen muß, selbst wenn das Delikt im ausliefernden Land noch nicht einmal strafbar ist. Dazu gehört Rassismus, weshalb die griechische Justiz die Leugnung der Großartigkeit der kretischen Partisanen auch als „rassistische Verunglimpfung“ verkauft. Die BRD muß Richter ausliefern. Sie darf die Rechtmäßigkeit des Haftbefehls noch nicht einmal überprüfen. In Gefahr sind natürlich auch der Verleger des Buches und überhaupt jeder Deutsche, der Richters Bücher gelesen hat und ihm öffentlich beipflichtet. Die Folgen Jedem EU-Staat steht es frei, Anti-Rassismus-Strafgesetze zu erlassen. Polen könnte die Behauptung, es sei während der Vertreibung zu Verbrechen an Deutschen gekommen, zur rassistischen Beleidigung erklären. Griechenland selbst könnte jeden, der von „Pleitegriechen“ spricht, auf die Anklagebank setzen. Selbst die Verweigerung weiterer Kredite ließe sich als Form von Rassenhaß darstellen, Solidarität mit Heinz A. Richter Bevor Deutsche massenhaft wegen irgendwelcher absurden Geschichtsverbrechen ins Ausland verschleppt werden, müssen wir uns dagegen wehren. Wer der griechischen Regierung die Meinung zu Willkürakten dieser Art sagen und sich mit Heinz A. Richter solidarisch erklären will, hier ist die richtige Adresse: Griechische Botschaft in Berlin 	3986	True
3987	NPD	19	140	jungefreiheit.de	JUNGE FREIHEIT	Lucke fordert Höcke zum Parteiaustritt auf	Der Vorsitzende der Alternative für Deutschland, Bernd Lucke, hat den Thüringer Landeschef Björn Höcke aufgefordert, aus der AfD auszutreten. „Seine Äußerungen zur NPD offenbaren Uneinsichtigkeit und einen erschreckenden Mangel an politischem Urteilsvermögen“, sagte Lucke.	article	https://assets.jungefreiheit.de/2015/05/Lucke-860x360-1431087467.jpg	https://jungefreiheit.de/politik/deutschland/2015/lucke-fordert-hoecke-zum-parteiaustritt-auf/	Lucke fordert Höcke zum Parteiaustritt auf AfD-Chef Bernd Lucke fordert Björn Höcke zum Austritt aus Foto: picture alliance/dpa ERFURT. Der Vorsitzende der Alternative für Deutschland, Bernd Lucke, hat den Thüringer Landeschef Björn Höcke aufgefordert, aus der AfD auszutreten. „Seine Äußerungen zur NPD offenbaren Uneinsichtigkeit und einen erschreckenden Mangel an politischem Urteilsvermögen“, begründete Lucke seinen Vorstoß gegenüber der Thüringer Allgemeinen. Hintergrund sind Höckes Äußerungen, nicht jedes NPD-Mitglied sei automatisch ein Extremist. „Ich halte es zudem schlicht für falsch, sämtliche Mitglieder dieser Partei über einen Kamm zu scheren und ihnen nicht zuzugestehen, dass auch sie in der Lage sind, einmal gewonnene falsche Überzeugungen zu überdenken und einen politischen Lernprozeß erfolgreich zu absolvieren“, sagte der Thüringer AfD-Landeschef . Scharfe Kritik an NPD Lucke zeigte sich darüber empört: „Die NPD und ihre Mitglieder sind extremistisch nicht nur, weil sie rassistisch und fremdenfeindlich sind, sondern auch, weil sie unsere parlamentarische Demokratie aktiv bekämpfen und zerstören wollen.“ Dies dürfe nicht verharmlost werden, indem deren Mitglieder als „politische Resozialisierungsfälle“ bezeichnet würden. „Auch Kriminelle können nur resozialisiert werden, wenn sie nicht mehr kriminell sind“, betonte der AfD-Sprecher. 	3987	True
3988	NPD	19	306	deutsche-wirtschafts-nachrichten.de	DEUTSCHE WIRTSCHAFTS NACHRICHTEN	Abhängig von den USA: Merkel verliert ihren Instinkt für Volkes Meinung	Bundeskanzlerin Angela Merkel scheint wegen der Abhängigkeit von den USA in der Spionageaffäre ihren Instinkt dafür zu verlieren, was die Bürger denken. Eine Umfrage zeigt, dass die Mehrheit der Deutschen glaubt, dass die Affäre der Kanzlerin persönlich schadet.	article	h	http://deutsche-wirtschafts-nachrichten.de/2015/05/07/abhaengig-von-den-usa-merkel-verliert-ihren-instinkt-fuer-volkes-meinung/	In einer gemeinsamen Erklärung haben Deutschland, Frankreich und Italien die Zukunft der EU beschworen. Angesichts der konkreten Probleme bleibt die Erklärung der drei EU-Staaten sehr allgemein. Wir dokumentieren die Erklärung im Wortlaut. Francois Hollande, Angela Merkel und Matteo Renzi am Montag in Berlin. (Foto: dpa) Gemeinsame Erklärung der Bundeskanzlerin der Bundesrepublik Deutschland, des Präsidenten der Französischen Republik und des Ministerpräsidenten der Italienischen Republik: Die britische Bevölkerung hat am 23. Juni 2016 mehrheitlich ihren Wunsch zum Ausdruck gebracht, die Europäische Union zu verlassen. Deutschland, Frankreich und Italien respektieren diese Entscheidung. Wir bedauern, dass das Vereinigte Königreich nicht länger unser Partner innerhalb der Europäischen Union sein wird. Wir sind voller Zuversicht, dass die Europäische Union stark genug ist, um die richtigen Antworten zu geben. Wir haben keine Zeit zu verlieren. Heute geben wir ein starkes Bekenntnis zur europäischen Einigung ab. Wir sind fest davon überzeugt, dass die Europäische Union unerlässlich ist, um unsere Staaten durch gemeinsames Handeln zu stärken, zusammen mit unseren gemeinsamen Institutionen, um den wirtschaftlichen und sozialen Fortschritt für unsere Bevölkerung sicherzustellen, und um Europas Rolle in der Welt zu behaupten. Seit fast 60 Jahren bildet die EU eine einzigartige Gemeinschaft der Rechtstaatlichkeit, der Freiheiten und Rechte sowie der gemeinsamen Werte. Die EU versetzt uns in die Lage, unser europäisches Gesellschaftsmodell zu behaupten, das wirtschaftlichen Erfolg mit sozialer Verantwortung vereint. Die EU ermöglicht es uns, unsere kulturelle Vielfalt zu bewahren. Der Binnenmarkt, unsere Gemeinschaftspolitiken und der Euro sind weltweit einzigartig. Diese Errungenschaften sind die Grundlage unseres Wohlstands. Gemeinsam fördern wir unsere Interessen mit dem Ziel, freien und fairen Handel in der Welt zu gewährleisten. Gemeinsam schreiten wir in unserer Energiepolitik voran und leisten unseren Beitrag für den weltweiten Klimaschutz. Gemeinsam tragen wir in der Welt zu Stabilität und Entwicklung bei und fördern den Frieden. Es ist ebenso unsere Überzeugung, dass die Europäische Union nur dann wieder vorangebracht werden kann, wenn sie weiterhin von ihren Bürgerinnen und Bürgern getragen wird. Die Europäische Union muss sich daher den Sorgen widmen, die ihre Bürgerinnen und Bürger zum Ausdruck bringen, indem sie ihre Ziele und ihre Funktionsweise klarstellt. Sie sollte stärker sein bei den wesentlichen Prioritäten, bei denen die Europäer ihre Kräfte bündeln müssen, und sich dort zurücknehmen, wo die Mitgliedstaaten besser handeln können. Sie bleibt unter der demokratischen Kontrolle ihrer Bürgerinnen und Bürger und muss verständlicher werden. Sie muss schneller handeln, insbesondere bei der Umsetzung von Programmen und Projekten, von denen die Bürgerinnen und Bürger direkt profitieren. In einer sich wandelnden Welt sollte die Europäische Union ihre wesentlichen Errungenschaften erhalten und sich auf die aktuellen Herausforderungen konzentrieren. Dazu gehören die weltweiten Migrationsbewegungen und neue Bedrohungen, wie insbesondere der internationale Terrorismus, den kein einzelner Mitgliedstaat alleine bewältigen kann. Sie muss ebenso die Fähigkeit der Europäer stärken, im zunehmenden internationalen Wettbewerb zu bestehen, und gleichzeitig die europäische soziale Marktwirtschaft stärken. Wir schlagen daher drei prioritäre Bereiche für ein vertieftes gemeinsames Handeln vor, basierend auf konkreten Zielen: Innere und äußere Sicherheit: Europa ist großen Herausforderungen ausgesetzt. Diese erfordern eine Stärkung der gemeinsamen Maßnahmen zum Schutz unserer Außengrenzen und für Frieden und Stabilität in unserer Nachbarschaft, insbesondere im Mittelmeerraum, in Afrika und im Nahen und Mittleren Osten. Wir werden im Kampf gegen den Terrorismus in Europa nur dann erfolgreich sein, wenn wir gemeinsam handeln. Wir werden den Terrorismus nur dann bezwingen, wenn wir uns der Aufgabe gewachsen zeigen, das Gemeinschaftsgefühl wieder aufzubauen und in unseren Städten gegen soziale Ausgrenzung vorzugehen. Wir werden unserer Verantwortung gerecht, wenn wir unsere europäische Verteidigung weiterentwickeln und für unsere gemeinsamen Operationen, unsere militärischen Fähigkeiten und unsere Industrie die notwendigen Verpflichtungen eingehen. Das Potenzial einer echten gemeinsamen Außen-, Sicherheits- und Verteidigungspolitik wurde bisher nicht voll ausgeschöpft. Starke Wirtschaft und starker sozialer Zusammenhalt: Europa muss sein Wohlstandsversprechen an seine Bevölkerung halten. Wir brauchen mehr Wachstum, um Arbeitslosigkeit zu bekämpfen und Arbeitsplätze zu schaffen, insbesondere für junge Menschen. Wir brauchen mehr Investitionen, um die Stärke unserer Wirtschaft im globalen Wettbewerb zu sichern. Für den Erfolg unseres Sozial- und Wirtschaftsmodells, das wirtschaftliche Stärke mit sozialer Verantwortung vereint, brauchen wir die richtigen Rahmenbedingungen; bessere Politiken für Unternehmertum und Beteiligung am Arbeitsleben; eine Stärkung von Forschung, Innovation, Aus- und Weiterbildung, die aufgrund des auf Wissen und den Fähigkeiten der Bürgerinnen und Bürger basierenden Wohlstands Europas eine Schlüsselrolle spielen; die Entwicklung der digitalen Wirtschaft in Europa für bessere Dienstleistungen, eine modernisierte Industrie und Beschäftigung; die Nutzung des vollen Potenzials der Energie- und Klimapolitik zum Schutz der Umwelt. Für die Länder, die den Euro als Währung nutzen, werden weitere Schritte nötig sein, um Wachstum, Wettbewerbsfähigkeit, Beschäftigung und Konvergenz zu stärken, einschließlich im Bereich der Sozial- und der Steuerpolitik. Ambitionierte Programme für die Jugend: Europa wird nur dann erfolgreich sein, wenn es seinen jungen Menschen Hoffnung gibt. Wir müssen die europäischen Initiativen für Fort- und Weiterbildung, Unternehmertum und europaweiten Zugang zu Arbeitsplätzen stärken. Dazu zählen etwa die Jugendbeschäftigungsinitiative und das Erasmus-Programm für Studierende, Auszubildende und junge Berufstätige. Die Europäische Union verkörpert unsere gemeinsamen Werte: Wir streben nach Frieden und Freiheit, nach Demokratie und Rechtsstaatlichkeit, nach gegenseitigem Respekt und Verantwortung, nach Toleranz und Partizipation, nach Gerechtigkeit und Solidarität. Heute ist der Tag, diese Werte zu bekräftigen. Wir werden morgen den Staats- und Regierungschefs und den europäischen Institutionen vorschlagen, einen Prozess in Gang zu setzen auf Grundlage eines konkreten Zeitplans und präziser Verpflichtungen, um Antworten auf die Herausforderungen zu finden, die sich aus dem Ergebnis des Referendums im Vereinigten Königreich ergeben, und um konkrete Lösungen für eine gute Zukunft der EU und ihrer Bürgerinnen und Bürger zu entwickeln. Auf dieser Grundlage sollten die Staats- und Regierungschefs im September die gemeinsamen Herausforderungen diskutieren, vor denen die 27 Mitgliedstaaten stehen, sowie die wesentlichen Prioritäten, über die sie entscheiden müssen. Sie sollten sich auf konkrete Projekte verständigen, die in Europa in den nächsten sechs Monaten für Wachstum und Sicherheit umgesetzt werden. Die Arbeit an der Umsetzung der notwendigen Initiativen sollte unmittelbar beginnen. Beiträge von internationalen Persönlichkeiten können die Diskussionen der Staats- und Regierungschefs über die europäischen Perspektiven im globalen Kontext befruchten. Die Treffen des Europäischen Rates im Oktober 2016 und Dezember 2016 werden uns die Gelegenheit geben, den diesbezüglichen Fortschritt festzustellen und die notwendigen Leitlinien festzulegen. Der 60. Jahrestag der Unterzeichnung der Römischen Verträge am 25. März 2017 wird ein wichtiger Moment sein, um die Einheit Europas und unser gemeinsames Bekenntnis zum europäischen Projekt zu bekräftigen. 	3988	True
3989	NPD	19	329	deutsche-wirtschafts-nachrichten.de	DEUTSCHE WIRTSCHAFTS NACHRICHTEN	Merkel muss USA um Erlaubnis fragen, ob sie Bundestag informieren darf	Die SPD und die Opposition verlangen die sofortige Herausgabe der Liste mit abgelehnten NSA-Suchbegriffen. Kanzlerin Merkel will hingegen erst die USA um Erlaubnis fragen.	article	h	http://deutsche-wirtschafts-nachrichten.de/2015/05/06/merkel-muss-usa-um-erlaubnis-fragen-ob-sie-bundestag-informieren-darf/	In einer gemeinsamen Erklärung haben Deutschland, Frankreich und Italien die Zukunft der EU beschworen. Angesichts der konkreten Probleme bleibt die Erklärung der drei EU-Staaten sehr allgemein. Wir dokumentieren die Erklärung im Wortlaut. Francois Hollande, Angela Merkel und Matteo Renzi am Montag in Berlin. (Foto: dpa) Gemeinsame Erklärung der Bundeskanzlerin der Bundesrepublik Deutschland, des Präsidenten der Französischen Republik und des Ministerpräsidenten der Italienischen Republik: Die britische Bevölkerung hat am 23. Juni 2016 mehrheitlich ihren Wunsch zum Ausdruck gebracht, die Europäische Union zu verlassen. Deutschland, Frankreich und Italien respektieren diese Entscheidung. Wir bedauern, dass das Vereinigte Königreich nicht länger unser Partner innerhalb der Europäischen Union sein wird. Wir sind voller Zuversicht, dass die Europäische Union stark genug ist, um die richtigen Antworten zu geben. Wir haben keine Zeit zu verlieren. Heute geben wir ein starkes Bekenntnis zur europäischen Einigung ab. Wir sind fest davon überzeugt, dass die Europäische Union unerlässlich ist, um unsere Staaten durch gemeinsames Handeln zu stärken, zusammen mit unseren gemeinsamen Institutionen, um den wirtschaftlichen und sozialen Fortschritt für unsere Bevölkerung sicherzustellen, und um Europas Rolle in der Welt zu behaupten. Seit fast 60 Jahren bildet die EU eine einzigartige Gemeinschaft der Rechtstaatlichkeit, der Freiheiten und Rechte sowie der gemeinsamen Werte. Die EU versetzt uns in die Lage, unser europäisches Gesellschaftsmodell zu behaupten, das wirtschaftlichen Erfolg mit sozialer Verantwortung vereint. Die EU ermöglicht es uns, unsere kulturelle Vielfalt zu bewahren. Der Binnenmarkt, unsere Gemeinschaftspolitiken und der Euro sind weltweit einzigartig. Diese Errungenschaften sind die Grundlage unseres Wohlstands. Gemeinsam fördern wir unsere Interessen mit dem Ziel, freien und fairen Handel in der Welt zu gewährleisten. Gemeinsam schreiten wir in unserer Energiepolitik voran und leisten unseren Beitrag für den weltweiten Klimaschutz. Gemeinsam tragen wir in der Welt zu Stabilität und Entwicklung bei und fördern den Frieden. Es ist ebenso unsere Überzeugung, dass die Europäische Union nur dann wieder vorangebracht werden kann, wenn sie weiterhin von ihren Bürgerinnen und Bürgern getragen wird. Die Europäische Union muss sich daher den Sorgen widmen, die ihre Bürgerinnen und Bürger zum Ausdruck bringen, indem sie ihre Ziele und ihre Funktionsweise klarstellt. Sie sollte stärker sein bei den wesentlichen Prioritäten, bei denen die Europäer ihre Kräfte bündeln müssen, und sich dort zurücknehmen, wo die Mitgliedstaaten besser handeln können. Sie bleibt unter der demokratischen Kontrolle ihrer Bürgerinnen und Bürger und muss verständlicher werden. Sie muss schneller handeln, insbesondere bei der Umsetzung von Programmen und Projekten, von denen die Bürgerinnen und Bürger direkt profitieren. In einer sich wandelnden Welt sollte die Europäische Union ihre wesentlichen Errungenschaften erhalten und sich auf die aktuellen Herausforderungen konzentrieren. Dazu gehören die weltweiten Migrationsbewegungen und neue Bedrohungen, wie insbesondere der internationale Terrorismus, den kein einzelner Mitgliedstaat alleine bewältigen kann. Sie muss ebenso die Fähigkeit der Europäer stärken, im zunehmenden internationalen Wettbewerb zu bestehen, und gleichzeitig die europäische soziale Marktwirtschaft stärken. Wir schlagen daher drei prioritäre Bereiche für ein vertieftes gemeinsames Handeln vor, basierend auf konkreten Zielen: Innere und äußere Sicherheit: Europa ist großen Herausforderungen ausgesetzt. Diese erfordern eine Stärkung der gemeinsamen Maßnahmen zum Schutz unserer Außengrenzen und für Frieden und Stabilität in unserer Nachbarschaft, insbesondere im Mittelmeerraum, in Afrika und im Nahen und Mittleren Osten. Wir werden im Kampf gegen den Terrorismus in Europa nur dann erfolgreich sein, wenn wir gemeinsam handeln. Wir werden den Terrorismus nur dann bezwingen, wenn wir uns der Aufgabe gewachsen zeigen, das Gemeinschaftsgefühl wieder aufzubauen und in unseren Städten gegen soziale Ausgrenzung vorzugehen. Wir werden unserer Verantwortung gerecht, wenn wir unsere europäische Verteidigung weiterentwickeln und für unsere gemeinsamen Operationen, unsere militärischen Fähigkeiten und unsere Industrie die notwendigen Verpflichtungen eingehen. Das Potenzial einer echten gemeinsamen Außen-, Sicherheits- und Verteidigungspolitik wurde bisher nicht voll ausgeschöpft. Starke Wirtschaft und starker sozialer Zusammenhalt: Europa muss sein Wohlstandsversprechen an seine Bevölkerung halten. Wir brauchen mehr Wachstum, um Arbeitslosigkeit zu bekämpfen und Arbeitsplätze zu schaffen, insbesondere für junge Menschen. Wir brauchen mehr Investitionen, um die Stärke unserer Wirtschaft im globalen Wettbewerb zu sichern. Für den Erfolg unseres Sozial- und Wirtschaftsmodells, das wirtschaftliche Stärke mit sozialer Verantwortung vereint, brauchen wir die richtigen Rahmenbedingungen; bessere Politiken für Unternehmertum und Beteiligung am Arbeitsleben; eine Stärkung von Forschung, Innovation, Aus- und Weiterbildung, die aufgrund des auf Wissen und den Fähigkeiten der Bürgerinnen und Bürger basierenden Wohlstands Europas eine Schlüsselrolle spielen; die Entwicklung der digitalen Wirtschaft in Europa für bessere Dienstleistungen, eine modernisierte Industrie und Beschäftigung; die Nutzung des vollen Potenzials der Energie- und Klimapolitik zum Schutz der Umwelt. Für die Länder, die den Euro als Währung nutzen, werden weitere Schritte nötig sein, um Wachstum, Wettbewerbsfähigkeit, Beschäftigung und Konvergenz zu stärken, einschließlich im Bereich der Sozial- und der Steuerpolitik. Ambitionierte Programme für die Jugend: Europa wird nur dann erfolgreich sein, wenn es seinen jungen Menschen Hoffnung gibt. Wir müssen die europäischen Initiativen für Fort- und Weiterbildung, Unternehmertum und europaweiten Zugang zu Arbeitsplätzen stärken. Dazu zählen etwa die Jugendbeschäftigungsinitiative und das Erasmus-Programm für Studierende, Auszubildende und junge Berufstätige. Die Europäische Union verkörpert unsere gemeinsamen Werte: Wir streben nach Frieden und Freiheit, nach Demokratie und Rechtsstaatlichkeit, nach gegenseitigem Respekt und Verantwortung, nach Toleranz und Partizipation, nach Gerechtigkeit und Solidarität. Heute ist der Tag, diese Werte zu bekräftigen. Wir werden morgen den Staats- und Regierungschefs und den europäischen Institutionen vorschlagen, einen Prozess in Gang zu setzen auf Grundlage eines konkreten Zeitplans und präziser Verpflichtungen, um Antworten auf die Herausforderungen zu finden, die sich aus dem Ergebnis des Referendums im Vereinigten Königreich ergeben, und um konkrete Lösungen für eine gute Zukunft der EU und ihrer Bürgerinnen und Bürger zu entwickeln. Auf dieser Grundlage sollten die Staats- und Regierungschefs im September die gemeinsamen Herausforderungen diskutieren, vor denen die 27 Mitgliedstaaten stehen, sowie die wesentlichen Prioritäten, über die sie entscheiden müssen. Sie sollten sich auf konkrete Projekte verständigen, die in Europa in den nächsten sechs Monaten für Wachstum und Sicherheit umgesetzt werden. Die Arbeit an der Umsetzung der notwendigen Initiativen sollte unmittelbar beginnen. Beiträge von internationalen Persönlichkeiten können die Diskussionen der Staats- und Regierungschefs über die europäischen Perspektiven im globalen Kontext befruchten. Die Treffen des Europäischen Rates im Oktober 2016 und Dezember 2016 werden uns die Gelegenheit geben, den diesbezüglichen Fortschritt festzustellen und die notwendigen Leitlinien festzulegen. Der 60. Jahrestag der Unterzeichnung der Römischen Verträge am 25. März 2017 wird ein wichtiger Moment sein, um die Einheit Europas und unser gemeinsames Bekenntnis zum europäischen Projekt zu bekräftigen. 	3989	True
5634	AfD	19	0	jungefreiheit.de	JUNGE FREIHEIT	Wahlkampf mit Allah	Die Parteien in Bremen machen Wahlkampf. Und das wirklich überall. Die Spitzenkandidaten von SPD, CDU, FDP und Linkspartei sprach deswegen am Mittwoch in der Nasir-Moschee. Auf ihrem Rednerpult stand dabei: „Niemand ist anbetungswürdig außer Allah und Muhammad ist sein Gesandter.“	article	https://assets.jungefreiheit.de/2015/05/54806580-860x360.jpg	https://jungefreiheit.de/politik/deutschland/2015/wahlkampf-mit-allah/	Wahlkampf mit Allah Lencke Steiner: Macht im Wahlkampf fast alles Foto: dpa Die Parteien in Bremen machen Wahlkampf. Und das wirklich überall. Die Spitzenkandidaten von SPD, CDU, FDP und Linkspartei sprach deswegen am Mittwoch in der Nasir-Moschee. Auf ihrem Rednerpult stand dabei: „Niemand ist anbetungswürdig außer Allah und Muhammad ist sein Gesandter.“ Klingt ja eher nicht nach interreligiösem Dialog. Auf echte Begeisterung stieß das Foto auf Facebook nicht. „Man kann sich nur an den Kopf fassen…“ lautete einer der höflicheren Kommentare. (ho) Unterstützung Wenn Ihnen unser Artikel gefallen hat: Unterstützen Sie die JF mit einer Spende € 	5634	True
